{"cameraMode":{"drawMode":0,"name":"Shaded","section":"Shading Mode"},"sceneLighting":true,"audioPlay":false,"sceneViewState":{"showFog":true,"showMaterialUpdate":false,"showSkybox":true,"showFlares":true,"showImageEffects":true,"showParticleSystems":true,"showVisualEffectGraphs":true,"m_FxEnabled":true},"in2DMode":false,"pivot":{"x":-3.043215751647949,"y":-7.303901672363281,"z":30.524948120117189},"rotation":{"x":0.00288950907997787,"y":0.9543302655220032,"z":-0.29867222905158999,"w":0.009169827215373516},"size":142.87074279785157,"orthographic":false}