{"cameraMode":{"drawMode":0,"name":"Shaded","section":"Shading Mode"},"sceneLighting":true,"audioPlay":false,"sceneViewState":{"showFog":true,"showMaterialUpdate":false,"showSkybox":true,"showFlares":true,"showImageEffects":true,"showParticleSystems":true,"showVisualEffectGraphs":true,"m_FxEnabled":true},"in2DMode":false,"pivot":{"x":0.9634358882904053,"y":-4.685365676879883,"z":18.2287540435791},"rotation":{"x":0.00018701808585319668,"y":0.7786407470703125,"z":-0.627484142780304,"w":0.00023511654580943286},"size":134.3787078857422,"orthographic":false}