{"cameraMode":{"drawMode":0,"name":"Shaded","section":"Shading Mode"},"sceneLighting":true,"audioPlay":false,"sceneViewState":{"showFog":true,"showMaterialUpdate":false,"showSkybox":true,"showFlares":true,"showImageEffects":true,"showParticleSystems":true,"showVisualEffectGraphs":true,"m_FxEnabled":true},"in2DMode":false,"pivot":{"x":0.05465257912874222,"y":0.4706946611404419,"z":-0.2184605598449707},"rotation":{"x":-0.0008187700295820832,"y":0.7304551601409912,"z":-0.6829630732536316,"w":-0.00087611039634794},"size":6.009791374206543,"orthographic":false}