{"cameraMode":{"drawMode":0,"name":"Shaded","section":"Shading Mode"},"sceneLighting":true,"audioPlay":false,"sceneViewState":{"showFog":true,"showMaterialUpdate":false,"showSkybox":true,"showFlares":true,"showImageEffects":true,"showParticleSystems":true,"showVisualEffectGraphs":true,"m_FxEnabled":true},"in2DMode":false,"pivot":{"x":42.89015197753906,"y":-0.6513290405273438,"z":-129.4470977783203},"rotation":{"x":0.007196907419711351,"y":0.9034346342086792,"z":-0.42842361330986025,"w":0.015180141665041447},"size":25.833648681640626,"orthographic":false}