{"cameraMode":{"drawMode":0,"name":"Shaded","section":"Shading Mode"},"sceneLighting":true,"audioPlay":false,"sceneViewState":{"showFog":true,"showMaterialUpdate":false,"showSkybox":true,"showFlares":true,"showImageEffects":true,"showParticleSystems":true,"showVisualEffectGraphs":true,"m_FxEnabled":true},"in2DMode":false,"pivot":{"x":2.2764391899108888,"y":-9.99844741821289,"z":37.34666442871094},"rotation":{"x":-0.0017420738004148007,"y":0.9098703265190125,"z":-0.4148756265640259,"w":-0.0038206789176911117},"size":120.1196060180664,"orthographic":false}