{"cameraMode":{"drawMode":0,"name":"Shaded","section":"Shading Mode"},"sceneLighting":true,"audioPlay":false,"sceneViewState":{"showFog":true,"showMaterialUpdate":false,"showSkybox":true,"showFlares":true,"showImageEffects":true,"showParticleSystems":true,"showVisualEffectGraphs":true,"m_FxEnabled":true},"in2DMode":false,"pivot":{"x":-0.1096353530883789,"y":11.013851165771485,"z":28.296323776245118},"rotation":{"x":0.07024120539426804,"y":0.9297881722450256,"z":-0.2531309127807617,"w":0.25793641805648806},"size":24.188106536865236,"orthographic":false}