{"cameraMode":{"drawMode":0,"name":"Shaded","section":"Shading Mode"},"sceneLighting":true,"audioPlay":false,"sceneViewState":{"showFog":true,"showMaterialUpdate":false,"showSkybox":true,"showFlares":true,"showImageEffects":true,"showParticleSystems":true,"showVisualEffectGraphs":true,"m_FxEnabled":true},"in2DMode":false,"pivot":{"x":-3.043215751647949,"y":-7.303901672363281,"z":30.524948120117189},"rotation":{"x":-0.003089147387072444,"y":0.9287228584289551,"z":-0.37073805928230288,"w":-0.007796175312250853},"size":142.87074279785157,"orthographic":false}