{"cameraMode":{"drawMode":0,"name":"Shaded","section":"Shading Mode"},"sceneLighting":true,"audioPlay":false,"sceneViewState":{"showFog":true,"showMaterialUpdate":false,"showSkybox":true,"showFlares":true,"showImageEffects":true,"showParticleSystems":true,"showVisualEffectGraphs":true,"m_FxEnabled":true},"in2DMode":false,"pivot":{"x":0.0697624683380127,"y":2.9314627647399904,"z":-1.633554458618164},"rotation":{"x":-0.0006097272853367031,"y":0.9990809559822083,"z":-0.034801188856363299,"w":-0.029061200097203256},"size":16.985132217407228,"orthographic":false}