{"cameraMode":{"drawMode":0,"name":"Shaded","section":"Shading Mode"},"sceneLighting":true,"audioPlay":false,"sceneViewState":{"showFog":true,"showMaterialUpdate":false,"showSkybox":true,"showFlares":true,"showImageEffects":true,"showParticleSystems":true,"showVisualEffectGraphs":true,"m_FxEnabled":true},"in2DMode":false,"pivot":{"x":-0.028100863099098207,"y":-0.350982666015625,"z":2.237954616546631},"rotation":{"x":-0.004807061515748501,"y":0.744620144367218,"z":-0.6674610376358032,"w":-0.005359655246138573},"size":15.597860336303711,"orthographic":false}