{"cameraMode":{"drawMode":0,"name":"Shaded","section":"Shading Mode"},"sceneLighting":true,"audioPlay":false,"sceneViewState":{"showFog":true,"showMaterialUpdate":false,"showSkybox":true,"showFlares":true,"showImageEffects":true,"showParticleSystems":true,"showVisualEffectGraphs":true,"m_FxEnabled":true},"in2DMode":false,"pivot":{"x":-0.028100863099098207,"y":-0.350982666015625,"z":2.237954616546631},"rotation":{"x":-0.008061789907515049,"y":0.8901594281196594,"z":-0.45532193779945376,"w":-0.015756109729409219},"size":15.597860336303711,"orthographic":false}