{"cameraMode":{"drawMode":0,"name":"Shaded","section":"Shading Mode"},"sceneLighting":true,"audioPlay":false,"sceneViewState":{"showFog":true,"showMaterialUpdate":false,"showSkybox":true,"showFlares":true,"showImageEffects":true,"showParticleSystems":true,"showVisualEffectGraphs":true,"m_FxEnabled":true},"in2DMode":false,"pivot":{"x":1.2850689888000489,"y":-3.625425338745117,"z":11.003900527954102},"rotation":{"x":0.004838151391595602,"y":0.7842323780059815,"z":-0.6204319596290588,"w":0.006118712015450001},"size":237.57936096191407,"orthographic":false}