{"cameraMode":{"drawMode":0,"name":"Shaded","section":"Shading Mode"},"sceneLighting":true,"audioPlay":false,"sceneViewState":{"showFog":true,"showMaterialUpdate":false,"showSkybox":true,"showFlares":true,"showImageEffects":true,"showParticleSystems":true,"showVisualEffectGraphs":true,"m_FxEnabled":true},"in2DMode":false,"pivot":{"x":-7.423007965087891,"y":-3.9703826904296877,"z":30.308345794677736},"rotation":{"x":-0.0005447272560559213,"y":0.8861727714538574,"z":-0.4633903503417969,"w":-0.001067792414687574},"size":160.38015747070313,"orthographic":false}